Market,Period,Product,$2,B$2,AP.$2,U2,BU2,AP.U2,E21,BE2,AP.E21,%A1,%$.AP,PRC.E,PRC.BE,ACHY.$,ACHY.U,ACHY.E,%$.AP.YA,ACYAG.PRCE,ACYAG.PRCBE,ACHY.B$,ACHY.AP$,ACHY.BU,ACHY.APU,ACHY.BE,ACHY.E,ACHY.APE,%A1.AY
US.CX,OCT2117.1,NS.083336,11225253,9784262,3198773,1872664,1332219,795428,127211153,104577789,40198726,88,28.5,0.09,0.09,-150043,-64521,-3832182,-8.53,0,0,815443,-1012539,102952,-139360,9580334,-3832182,-14291756,1
US.CX,OCT2817.1,NS.083336,11596301,9755627,3864899,1940631,1325628,914819,133572793,104299157,48491545,88,33.33,0.09,0.09,1323167,348931,19221440,2.84,0,0,783857,732648,98239,331694,9304557,19221440,10463227,-1
US.CX,NOV0417.1,NS.083336,11991897,9821147,4037585,1913290,1335080,847479,135501351,104938841,48689534,87,33.67,0.09,0.09,1483714,422245,19880940,5.07,0,0,868287,1032057,110802,414902,10204725,19880940,12779816,0
US.CX,NOV1117.1,NS.083336,11769645,9834426,3640613,1779517,1335765,659140,130709533,105051807,43377392,88,30.93,0.09,0.09,1287154,226811,17172689,3.21,0,0,829566,734782,109408,172464,9813595,17172689,10777313,0
US.CX,OCT2117.1,NS.164106,854107,647262,379089,177736,98950,106224,5895185,3753003,3086160,67,44.38,0.14,0.17,140869,57313,645299,19.29,0.01,0.02,55967,200132,6022,69866,-255014,645299,1456204,6
US.CX,OCT2817.1,NS.164106,1155735,645104,693525,256517,98979,187796,8374381,3741740,5653108,66,60.01,0.14,0.17,453378,134188,3307256,34.15,0,0.02,52126,511920,6793,147252,-274220,3307256,4117997,3
US.CX,NOV0417.1,NS.164106,785629,646370,303750,138125,98697,67476,5047825,3734110,2197354,65,38.66,0.16,0.17,44009,21551,-486372,12.12,0.02,0.03,60796,106917,7895,36649,-241935,-486372,386530,3
US.CX,NOV1117.1,NS.164106,786299,649971,262597,135760,100225,56783,4908034,3746296,1834806,67,33.4,0.16,0.17,53115,15841,-430905,6.13,0.02,0.03,61895,62719,9216,20246,-241166,-430905,171222,4
US.CX,OCT2117.1,NS.080678,134668534,116134217,45785048,18558469,13487028,8497308,1034187184,838647929,403841960,99,34,0.13,0.14,3112311,914227,13451544,2.74,0,0,2636852,4661163,109549,1319291,13475833,13451544,22898026,0
US.CX,OCT2817.1,NS.080678,134390399,116808490,53708449,18216358,13550979,8941679,1030262703,843142306,450714290,99,39.96,0.13,0.14,3862019,1531528,34709044,3.4,0,0,2520886,5981303,134902,2154913,12139920,34709044,40257211,0
US.CX,NOV0417.1,NS.080678,141672963,117068140,57362352,18349717,13555706,8594818,1094182283,847074537,480215561,99,40.49,0.13,0.14,-4526220,-623622,-44418154,0.6,0,0,3252217,-954214,279914,173480,23073343,-44418154,-21603573,0
US.CX,NOV1117.1,NS.080678,138619436,118649804,55045168,18160535,13784752,8325896,1074660186,862373317,468858830,99,39.71,0.13,0.14,764849,351666,35268357,1.69,0,0,3802994,2636087,464876,865679,30180013,35268357,46276031,0
US.CX,OCT2117.1,NS.080748,100716703,85090879,37426783,14700626,10216257,7183428,860384332,680280351,365682567,99,37.16,0.12,0.13,2986065,830265,17998009,2.33,0,0,2610182,3383138,150305,1038148,17756711,17998009,19021719,0
US.CX,OCT2817.1,NS.080748,100214627,85355953,42911044,14299699,10247997,7404743,852711051,682358708,395599259,99,42.82,0.12,0.13,3492222,1336813,36072668,4.17,0,0,2235728,5532829,151538,1808288,14189864,36072668,39523463,0
US.CX,NOV0417.1,NS.080748,104757937,85719440,45009431,14121732,10257573,6843876,902100008,686878865,416444616,99,42.97,0.12,0.12,-869081,-292911,-24834212,2.06,0,0,2740533,1797500,253801,284666,23517341,-24834212,-9248146,0
US.CX,NOV1117.1,NS.080748,102806237,87018277,44308460,14178279,10453889,6928645,887770510,700540132,413309864,99,43.1,0.12,0.12,1811065,537223,41970840,2.93,0,0,3228923,3734749,415099,973016,30418627,41970840,52393453,0
US.CX,OCT2117.1,NS.163589,22750127,20118225,7410023,2556746,2007733,1191937,90867830,77771159,30470457,97,32.57,0.25,0.26,1433126,229178,4707961,5.18,0,0,1390957,1570967,99638,300666,4688817,4707961,5909090,0
US.CX,OCT2817.1,NS.163589,23014011,20343080,9054202,2626120,2025595,1368329,93862006,78762416,39790190,97,39.34,0.25,0.26,1597425,323449,6854433,1.5,0,0,1374549,949439,100108,353139,4791082,6854433,4046113,0
US.CX,NOV0417.1,NS.163589,24981621,20272254,9942804,2860067,2024209,1509346,100726987,78239345,41873730,97,39.8,0.25,0.26,-2065522,-143705,-9251002,-6.3,0,0,1456889,-2525703,124764,-121327,5208498,-9251002,-11487695,0
US.CX,NOV1117.1,NS.163589,23818845,20425184,8540170,2606899,2042563,1202004,95175520,79021265,35637479,97,35.85,0.25,0.26,-108863,-85143,-1462087,-3,0,0,1544830,-756237,141257,-105058,5708042,-1462087,-4530250,0
US.CX,OCT2117.1,NS.083409,14535693,12012147,7069932,1660863,1192755,946956,88800816,69954759,45059086,91,48.64,0.16,0.17,2411758,451649,15673849,21.5,0,0,855516,3779348,131020,564776,4034696,15673849,24311080,1
US.CX,OCT2817.1,NS.083409,13837627,12168545,7223674,1529828,1205540,907280,85331276,71013716,46312349,92,52.2,0.16,0.17,1431855,294814,8646125,16.45,0,0,875142,2788777,127770,439901,4324627,8646125,15756768,1
US.CX,NOV0417.1,NS.083409,14673535,12308066,8522208,1609266,1214796,1049225,92683108,72015395,56297664,92,58.08,0.16,0.17,761303,135028,5140643,17.5,0,0,1101581,2877218,134462,369674,5826214,5140643,16913329,1
US.CX,NOV1117.1,NS.083409,14564063,12724462,8133997,1656189,1256032,1044128,93696681,74863880,55500566,92,55.85,0.16,0.17,663430,103731,5947528,13.76,0,0,1301337,2283245,157584,286207,7332808,5947528,14560499,0
US.CX,OCT2117.1,NS.083309,7470186,6336358,2546387,1032721,750221,453920,65057637,52697610,23506361,89,34.09,0.11,0.12,-263817,53059,-166510,0.6,0,0,43813,-43592,3175,93685,1991147,-166510,312272,0
US.CX,OCT2817.1,NS.083309,7556392,6343053,3171930,966896,751091,407598,67235149,52831366,31929346,90,41.98,0.11,0.12,-22409,73264,1678005,3.06,0,0,-365194,222647,-28364,114110,-2807143,1678005,2665713,2
US.CX,NOV0417.1,NS.083309,8950223,6336468,4106228,1347946,750857,736884,81971769,52741705,42350496,94,45.88,0.11,0.12,-32288,40871,-65675,3.01,0,0,-550292,255741,-41784,66511,-5260597,-65675,1565948,5
US.CX,NOV1117.1,NS.083309,7413815,6463768,2587646,932328,765254,314943,66906497,53852161,27835258,89,34.9,0.11,0.12,-311473,-12148,-1566686,-2.01,0,0,-668713,-263863,-40795,-22256,-6624520,-1566686,-1973450,1
US.CX,OCT2117.1,NS.158673,3067669,2549065,1879533,305777,225459,195517,16440953,12507534,10918899,76,61.27,0.19,0.2,937735,97126,5980726,50.13,-0.02,0,618622,1642259,53283,156056,3161297,5980726,9653923,12
US.CX,OCT2817.1,NS.158673,4534291,2535306,3022038,587125,224712,438666,23009548,12515121,15742111,79,66.65,0.2,0.2,1934083,302072,9840252,37.31,0,0,644339,2259275,56463,315808,3349829,9840252,11566421,11
US.CX,NOV0417.1,NS.158673,3474120,2533475,1733617,368487,230278,210058,18004125,12752064,9375599,74,49.9,0.19,0.2,1255767,155141,7042490,30.47,-0.01,-0.01,655163,1302522,62334,154154,3649737,7042490,7205653,11
US.CX,NOV1117.1,NS.158673,3273851,2551829,1001690,342348,233413,133154,17177006,12861311,5575006,74,30.6,0.19,0.2,1120944,133133,6515835,13.39,-0.01,-0.01,678055,631262,68168,82073,3781383,6515835,3628754,12
US.CX,OCT2117.1,NS.122345,28564626,26748163,6916862,2373552,2166612,615516,134202431,125058037,34781128,97,24.21,0.21,0.21,-221507,-56687,-1493095,-4.09,0,0,1315770,-1230673,63323,-100719,6579935,-1493095,-5351532,0
US.CX,OCT2817.1,NS.122345,29855707,26737577,11606928,2546603,2161648,1036517,144100402,124652213,61029237,97,38.88,0.21,0.21,85927,26078,5164491,0.52,-0.01,0,1261467,188975,66404,58770,6984343,5164491,3835626,0
US.CX,NOV0417.1,NS.122345,33277969,26827168,14484302,2976041,2166685,1412688,163464181,125106747,77213875,98,43.53,0.2,0.21,-345258,-77962,4721747,-1.25,-0.01,0,1022236,-570192,75862,-109802,7359563,4721747,2067441,0
US.CX,NOV1117.1,NS.122345,31977545,26858077,14314962,2752921,2168230,1272302,157830131,125098930,75932368,97,44.77,0.2,0.21,-535807,-72916,3414255,-2.62,-0.01,0,800131,-1091903,66100,-105184,6368430,3414255,-1348474,0
US.CX,OCT2117.1,NS.081495,10157445,5676712,6024113,2635539,938415,1891539,93670078,47861109,60228379,88,59.31,0.11,0.12,2606975,1000226,25279332,-11.06,0,0,296897,711259,40472,723567,3897321,25279332,9021162,2
US.CX,OCT2817.1,NS.081495,7090411,5717217,3847515,1516708,951066,977492,64634386,48308767,36143299,86,54.26,0.11,0.12,-178540,72701,-2143089,-17.08,0,0,260680,-1338533,47670,-44481,3767459,-2143089,-14236716,1
US.CX,NOV0417.1,NS.081495,6176349,5536021,2342611,1037108,911401,405916,55556403,47210940,22376215,82,37.93,0.11,0.12,-625154,-228848,-6165370,-31.93,0,0,170282,-2409009,27593,-412508,3244890,-6165370,-23339783,1
US.CX,NOV1117.1,NS.081495,7180213,5744684,3479812,1355219,958355,741848,63892561,48368589,31520580,85,48.46,0.11,0.12,562467,95071,4959727,-9.33,0,0,421687,-345128,87303,20154,4819871,4959727,-5047419,3
US.CX,OCT2117.1,NS.163594,2315266,2031242,682128,352172,278379,125091,14042893,11993281,4248696,81,29.46,0.16,0.17,-169523,-9809,-277364,4.55,-0.01,-0.01,-64155,63177,-12513,29307,169605,-277364,416590,-1
US.CX,OCT2817.1,NS.163594,2401066,2082785,1051835,356594,284814,157835,15101035,12315205,7416385,81,43.81,0.16,0.17,1387,31334,627480,8.94,-0.01,-0.01,-57194,215055,-13658,78233,282352,627480,1231209,2
US.CX,NOV0417.1,NS.163594,2837438,2018081,1287468,465418,278694,232089,18674228,11897411,9888505,87,45.37,0.15,0.17,-22034,31437,709906,7.4,-0.01,-0.01,-83462,201479,-12942,73174,38495,709906,1445869,5
US.CX,NOV1117.1,NS.163594,2382512,2103383,861146,332054,288997,105665,15452698,12387917,6794493,79,36.14,0.15,0.17,-149430,-31595,-293950,0.72,-0.01,-0.01,5986,-35673,-3545,-5699,556548,-293950,-233365,-1
US.CX,OCT2117.1,NS.157335,5269361,4273961,2108470,643996,447197,384028,19335423,15294234,7656885,86,40.01,0.27,0.28,634622,114772,2621866,10.64,0,0,64546,746995,12383,137397,483676,2621866,2734829,1
US.CX,OCT2817.1,NS.157335,4822498,4274561,2003701,567759,447527,338729,17683525,15261906,7314190,85,41.55,0.27,0.28,101989,22612,630878,0.56,0,0,8845,68960,8557,37743,279919,630878,-25049,1
US.CX,NOV0417.1,NS.157335,5441150,4324182,2566291,667177,451858,435644,19989223,15502162,9303740,86,47.16,0.27,0.28,-499688,-44878,-1346895,1.47,-0.01,-0.01,117265,-148256,19366,3629,787349,-1346895,-727643,-2
US.CX,NOV1117.1,NS.157335,5088741,4323495,1948316,609577,451037,340195,18692225,15530362,7142073,87,38.29,0.27,0.28,-411447,-77701,-1074731,-9.72,-0.01,-0.01,89331,-692243,16983,-97125,704369,-1074731,-2622231,0
US.CX,OCT2117.1,NS.166464,12904670,11970124,3656610,1206008,1036296,517730,44383140,40671275,12353296,95,28.34,0.29,0.29,589942,36969,726142,1.25,0.01,0,1144604,321687,60710,50150,3436872,726142,299503,0
US.CX,OCT2817.1,NS.166464,13100777,12161784,4571887,1239398,1047914,588812,45172139,41446752,15865873,95,34.9,0.29,0.29,716214,74661,1093564,-3.5,0.01,0,1228693,-183738,67550,40441,3875487,1093564,-2397192,1
US.CX,NOV0417.1,NS.166464,14575859,12113996,5389280,1421040,1047572,729229,50234241,41194603,18476809,95,36.97,0.29,0.29,-1741826,-182502,-8614323,-13.01,0.01,0,1189312,-2767152,75774,-244514,3818144,-8614323,-12605004,0
US.CX,NOV1117.1,NS.166464,14216343,12169924,5073725,1360109,1053633,655064,49293848,41392301,17834742,96,35.69,0.29,0.29,229647,-20230,-114591,-1.78,0.01,0,1229665,-167103,82694,-25382,3988002,-114591,-1752675,0
US.CX,OCT2117.1,NS.085397,349466,247044,226197,40875,27227,24729,1222655,760258,865867,48,64.73,0.29,0.32,52217,6928,252263,52.36,-0.02,0.02,-22395,189448,-1693,18129,-110303,252263,738170,7
US.CX,OCT2817.1,NS.085397,506988,240486,368622,74833,26491,56734,1676432,745179,1248301,51,72.71,0.3,0.32,155659,32583,511560,55.21,0,0.01,-39005,307152,-3133,46810,-153515,511560,1034222,6
US.CX,NOV0417.1,NS.085397,346311,238288,142760,40540,26981,16161,1144471,749072,507466,48,41.22,0.3,0.32,40133,8527,165597,33.03,-0.01,0.01,-32432,117688,-1769,12778,-122122,165597,427006,8
US.CX,NOV1117.1,NS.085397,337148,235552,122261,39251,26818,13040,1109874,742110,428969,46,36.26,0.3,0.32,44537,8088,176850,30.88,-0.01,0.01,-38406,106517,-1475,10845,-137978,176850,379428,7
WMTTL.CTA,OCT2117.1,NS.083336,3786218,3761001,310489,510603,506187,39970,44823770,44484478,3706094,100,8.2,0.08,0.08,448118,56527,5308627,-3.85,0,0,420364,-91738,52107,-10685,5126945,5308627,-1380727,0
WMTTL.CTA,OCT2817.1,NS.083336,3663584,3778987,415856,496342,507088,57140,43589144,44760658,5192033,100,11.35,0.08,0.08,379685,50175,4746919,1.97,0,0,449952,107743,57308,19225,5463668,4746919,1208303,0
WMTTL.CTA,NOV0417.1,NS.083336,3867074,3780150,401903,522720,509165,56956,46206303,44708631,5162173,100,10.39,0.08,0.08,318184,41912,4237348,5.16,0,0,454789,216016,59348,34555,5513114,4237348,2711473,0
WMTTL.CTA,NOV1117.1,NS.083336,3821431,3778623,375789,517791,508847,54251,45614203,44694905,4878013,100,9.83,0.08,0.08,437537,58892,5676340,5.89,0,0,419414,242222,54163,38021,5099131,5676340,3189272,0
WMTTL.CTA,OCT2117.1,NS.164106,235244,236760,2580,32776,33009,378,1410318,1417669,16734,98,1.1,0.17,0.17,8068,-1314,-190427,-3.75,0.02,0.02,14704,-8427,511,-2075,-137630,-190427,-68407,0
WMTTL.CTA,OCT2817.1,NS.164106,228924,234855,3244,31884,32691,514,1370404,1410560,20812,98,1.42,0.17,0.17,8784,-1114,-177308,-3.78,0.02,0.02,5676,-8198,-1108,-1912,-188473,-177308,-65926,0
WMTTL.CTA,NOV0417.1,NS.164106,249860,235633,3424,34708,32720,562,1495364,1406541,22177,98,1.37,0.17,0.17,4694,-1977,-230130,-3.26,0.03,0.02,4603,-7923,-1297,-1743,-209824,-230130,-63405,0
WMTTL.CTA,NOV1117.1,NS.164106,246935,234443,2107,34447,32928,368,1477034,1390748,14664,98,0.85,0.17,0.17,15778,-214,-150876,-2.5,0.03,0.03,4030,-5633,-889,-1432,-217370,-150876,-47152,0
WMTTL.CTA,OCT2117.1,NS.080678,42116536,42573483,8005173,5016386,4940278,1064768,334565169,331126637,62264456,100,19.01,0.13,0.13,988065,84096,8662395,5.24,0,0,1474187,2343598,95608,201540,9402978,8662395,4645971,0
WMTTL.CTA,OCT2817.1,NS.080678,41621681,42661955,9167318,4973227,4942375,1268476,333730960,332234794,81912859,100,22.03,0.12,0.13,851410,155315,14560073,9.12,0,0,1351276,3904638,91324,476422,9920237,14560073,28248162,0
WMTTL.CTA,NOV0417.1,NS.080678,44267426,42844837,9463172,5289583,4987704,1341382,358140802,337509326,87084743,100,21.38,0.12,0.13,-693032,-31215,4147027,8.23,0,0,1245122,3550707,159081,442916,17361672,4147027,26371514,0
WMTTL.CTA,NOV1117.1,NS.080678,44067493,43179788,8435956,5262982,5037029,1246935,353743693,343710501,80095480,100,19.14,0.12,0.13,900586,162445,17366110,6.65,0,0,1374136,3041998,197070,410647,22181872,17366110,25663500,0
WMTTL.CTA,OCT2117.1,NS.080748,30258480,30699055,6728030,3660270,3624141,809461,271705383,268647879,57511613,100,22.24,0.11,0.11,1127160,95551,10559564,6.51,0,0,1742523,2147563,129543,175888,11903253,10559564,4230817,0
WMTTL.CTA,OCT2817.1,NS.080748,29965168,30638681,7907375,3644887,3613452,1013873,271741091,268901403,76935742,100,26.39,0.11,0.11,1098108,173637,16507011,11.94,0,0,1572542,3735635,118797,454301,12163078,16507011,27664515,0
WMTTL.CTA,NOV0417.1,NS.080748,31716812,30934639,8134848,3871558,3664093,1071218,291445017,274623201,81847291,100,25.65,0.11,0.11,194915,68511,9241016,11.31,0,0,1630878,3614942,187862,458044,19729261,9241016,26574307,0
WMTTL.CTA,NOV1117.1,NS.080748,31543359,31292728,7088509,3845315,3713193,974563,287282986,280826362,74682383,100,22.47,0.11,0.11,1222940,201676,19224647,9.15,0,0,1788473,3048758,222860,420768,24624814,19224647,25570985,0
WMTTL.CTA,OCT2117.1,NS.163589,7137514,7150785,1199524,776562,742927,243331,28333933,27981988,4157490,100,16.81,0.25,0.26,240056,26405,581288,2.35,0,0,171181,202530,9928,28365,353368,581288,563855,0
WMTTL.CTA,OCT2817.1,NS.163589,6998516,7219406,1139772,757406,748840,233057,27797890,28294238,3938788,100,16.29,0.25,0.26,119028,15621,373650,1.64,0,0,173373,132549,11456,14412,393810,373650,309106,0
WMTTL.CTA,NOV0417.1,NS.163589,7608130,7121789,1208979,818516,742345,248216,30244289,27896806,4180608,100,15.89,0.25,0.26,-299830,-38429,-1189144,-0.67,0,0,-32135,-100727,3474,-23819,-153183,-1189144,-519544,0
WMTTL.CTA,NOV1117.1,NS.163589,7596550,7109249,1213601,819820,743829,249874,30136497,27910183,4170459,100,15.98,0.25,0.25,-3417,-9476,29334,-0.78,0,0,-29885,-59448,5542,-19586,30358,29334,-413699,0
WMTTL.CTA,OCT2117.1,NS.083409,4601840,4596092,2415309,461255,426740,270814,29164173,27737732,15797976,100,52.49,0.16,0.17,207268,56653,3061128,44.65,-0.01,0,176688,2070785,19959,235132,1580739,3061128,13651557,0
WMTTL.CTA,OCT2817.1,NS.083409,4513414,4681537,2342996,449377,431986,262180,29019520,28463264,15328791,100,51.91,0.16,0.16,153081,48405,3143347,45.29,-0.01,0,182002,2054456,19712,231291,1835013,3143347,13496798,0
WMTTL.CTA,NOV0417.1,NS.083409,4934930,4834479,2640508,490510,443330,295075,32049801,29634368,17355941,100,53.51,0.15,0.16,148457,46728,3560245,49.36,-0.01,-0.01,371733,2441859,33304,269024,3197364,3560245,16062364,0
WMTTL.CTA,NOV1117.1,NS.083409,4994001,5056779,2722219,497004,458409,304395,32839186,31301353,17926438,100,54.51,0.15,0.16,384279,66830,5348428,50.97,-0.02,-0.01,538961,2558894,44246,277628,4531280,5348428,16824412,0
WMTTL.CTA,OCT2117.1,NS.083309,2139998,2092201,102106,271116,264983,11178,19692616,19120324,1010611,100,4.77,0.11,0.11,-56649,-2827,-116632,-2.65,0,0,-74758,-60939,-2775,-9498,-213669,-116632,-606875,0
WMTTL.CTA,OCT2817.1,NS.083309,2126337,2105627,118082,270612,266604,12524,19615297,19295243,1165831,100,5.55,0.11,0.11,-61945,-991,-239393,-2.03,0,0,-52485,-47931,-174,-7349,59561,-239393,-587284,0
WMTTL.CTA,NOV0417.1,NS.083309,2231208,2094767,132710,282993,264805,14319,20620674,19166708,1306695,100,5.95,0.11,0.11,-139888,-11367,-884157,-2.12,0,0,-68336,-58523,-2961,-9120,-80320,-884157,-701677,0
WMTTL.CTA,NOV1117.1,NS.083309,2224079,2143329,114729,282140,271564,12348,20515183,19630269,1121577,100,5.16,0.11,0.11,-33176,2083,188966,-1.17,0,0,-12818,-28087,4658,-4895,398444,188966,-371162,0
WMTTL.CTA,OCT2117.1,NS.158673,1257276,1248344,814104,118295,112949,75819,6714677,6232091,4544598,100,64.75,0.19,0.2,65487,10818,804879,62.51,-0.01,0,36585,787348,4137,72977,237464,804879,4398933,0
WMTTL.CTA,OCT2817.1,NS.158673,1373519,1218510,856152,133316,110239,79430,7313264,6151346,4784088,100,62.33,0.19,0.2,161800,24007,1309062,58.95,-0.01,0,41310,815113,4887,74824,326124,1309062,4570413,0
WMTTL.CTA,NOV0417.1,NS.158673,1395724,1218314,867143,133977,114927,80505,7436244,6365791,4845863,100,62.13,0.19,0.19,161161,23257,1316991,59.85,-0.01,-0.01,55100,838982,10020,77857,599388,1316991,4696546,0
WMTTL.CTA,NOV1117.1,NS.158673,1399775,1168285,115405,133702,111202,10639,7476231,6132259,660543,100,8.24,0.19,0.19,161678,20975,1341077,6.76,-0.01,-0.01,7746,97053,8087,8650,400795,1341077,555712,0
WMTTL.CTA,OCT2117.1,NS.122345,8296325,8825491,1079564,719278,762462,97567,41064137,43442552,5788800,100,13.01,0.2,0.2,581224,24291,2836636,4.46,0,0,1411650,419537,86769,34680,6308924,2836636,2336877,0
WMTTL.CTA,OCT2817.1,NS.122345,8284538,8658275,1147269,713880,747648,101722,41490523,42635133,6239540,100,13.85,0.2,0.2,509448,41912,4566120,6.52,-0.01,0,1133119,577202,67791,48930,5148919,4566120,3447740,0
WMTTL.CTA,NOV0417.1,NS.122345,8444049,8600724,785274,723383,742158,69279,42225538,42392836,4272792,100,9.3,0.2,0.2,80647,1112,2417247,2.6,-0.01,-0.01,652225,225084,55749,18144,4454721,2417247,1503251,0
WMTTL.CTA,NOV1117.1,NS.122345,8406019,8497243,505072,721644,731121,46154,42189468,41898226,2760077,100,6.01,0.2,0.2,209596,14631,2936269,-2.17,-0.01,-0.01,420490,-165175,38617,-12539,3523459,2936269,-611199,0
WMTTL.CTA,OCT2117.1,NS.081495,2198476,2180211,849778,301115,285593,127076,21013424,19996718,8706477,100,38.65,0.1,0.11,-56510,-42158,-1534596,-47.57,0,-0.01,75599,-1094518,7459,-160096,1782786,-1534596,-11454914,0
WMTTL.CTA,OCT2817.1,NS.081495,2115188,2182990,790966,288684,285709,117422,20054341,20004117,8063129,100,37.39,0.11,0.11,1245,-15514,-162273,-44.94,0,-0.01,40102,-949587,2215,-121390,1450414,-162273,-9251633,0
WMTTL.CTA,NOV0417.1,NS.081495,2272508,2165610,764507,310270,284147,116772,21514930,19830317,7835138,100,33.64,0.11,0.11,-53827,-19670,-443947,-47.12,0,-0.01,47555,-1114344,5700,-136352,1539177,-443947,-10611447,0
WMTTL.CTA,NOV1117.1,NS.081495,2231913,2172486,732964,305188,285836,112268,20947583,19896221,7427279,100,32.84,0.11,0.11,42729,-5697,413241,-32.36,0,-0.01,70140,-694361,8349,-87749,1716140,413241,-6575412,0
WMTTL.CTA,OCT2117.1,NS.163594,798501,780391,38665,124756,122418,5332,5132965,4998157,254846,100,4.84,0.16,0.16,-30491,-9447,22682,0.1,-0.01,-0.01,-28743,-646,-8630,-609,50907,22682,-13974,0
WMTTL.CTA,OCT2817.1,NS.163594,786005,800453,37547,123075,126059,6964,5068941,5121824,247374,100,4.78,0.16,0.16,-27642,-7673,46649,0.75,-0.01,-0.01,-28617,4793,-8164,2617,49402,46649,16516,0
WMTTL.CTA,NOV0417.1,NS.163594,849184,785756,40992,132584,123671,7934,5487603,5028672,267371,100,4.83,0.15,0.16,-58482,-13658,-109239,1.12,-0.01,-0.01,-42945,7363,-9465,3228,-40037,-109239,29006,0
WMTTL.CTA,NOV1117.1,NS.163594,830409,798900,34640,130124,125559,7573,5361505,5117898,224577,100,4.17,0.15,0.16,-21595,-7061,159874,1.18,-0.01,-0.01,-16305,9157,-6831,3720,144403,159874,43286,0
WMTTL.CTA,OCT2117.1,NS.157335,1790423,1780264,404838,191172,175511,89873,6606536,6449620,1397056,100,22.61,0.27,0.28,25650,2222,133289,1.51,0,0,-33442,32373,-7836,8324,-74408,133289,88305,0
WMTTL.CTA,OCT2817.1,NS.157335,1699691,1783710,367035,178364,175327,81433,6275382,6457715,1258620,100,21.59,0.27,0.28,-66318,-10290,-145266,-0.08,0,0,-47773,-15756,-8329,-2979,-116456,-145266,-95039,0
WMTTL.CTA,NOV0417.1,NS.157335,1881587,1770553,438686,194733,174170,90870,6949413,6415319,1508008,100,23.31,0.27,0.28,-206258,-30965,-647581,-0.23,0,-0.01,-61280,-52926,-9356,-15131,-92552,-647581,-236176,0
WMTTL.CTA,NOV1117.1,NS.157335,1880022,1743972,470641,194583,173487,93155,6941412,6319996,1621317,100,25.03,0.27,0.28,-102377,-23656,-286697,0.63,0,-0.01,-100021,-13224,-10377,-12998,-229991,-286697,-116824,0
WMTTL.CTA,OCT2117.1,NS.166464,3919371,3982439,624665,369841,355920,135495,13546770,13592097,2015324,100,15.94,0.29,0.29,153251,8693,153632,0.81,0.01,0.01,153265,54930,1308,10985,137117,153632,105183,0
WMTTL.CTA,OCT2817.1,NS.166464,3881333,4037884,603490,364968,359848,131840,13420546,13813156,1939171,100,15.55,0.29,0.29,112419,7462,152006,0.29,0.01,0.01,194452,28274,6227,5041,326825,152006,3249,0
WMTTL.CTA,NOV0417.1,NS.166464,4203768,3970933,627290,394260,356527,139237,14558105,13555426,2017532,100,14.92,0.29,0.29,-136907,-20889,-728134,-2.79,0,0,12195,-141649,-546,-19308,-163223,-728134,-594595,0
WMTTL.CTA,NOV1117.1,NS.166464,4205083,3976495,637786,396720,356514,141868,14571565,13586792,2054661,100,15.17,0.29,0.29,-8178,-9043,-279769,-2.66,0,0,32238,-113306,-1016,-15162,-21369,-279769,-525956,0
WMTTL.CTA,OCT2117.1,NS.085397,176558,145436,125931,20541,17614,11711,613917,463019,459522,97,71.33,0.29,0.31,-30224,-727,-69572,70.26,-0.01,0.01,-61775,123724,-3997,11468,-220237,-69572,451476,0
WMTTL.CTA,OCT2817.1,NS.085397,187048,142105,124994,22101,17189,11608,647722,455877,455601,97,66.82,0.29,0.31,-27119,-38,-59852,65.58,-0.01,0.01,-74377,122331,-5221,11221,-257990,-59852,446006,0
WMTTL.CTA,NOV0417.1,NS.085397,195020,140029,94254,22947,17548,8789,676123,460306,343501,98,48.33,0.29,0.3,-27683,243,-60072,47.6,-0.01,0,-66832,92629,-3869,8610,-222175,-60072,337649,0
WMTTL.CTA,NOV1117.1,NS.085397,208623,129580,65651,24868,16618,6143,720822,431428,239372,97,31.47,0.29,0.3,-15160,1227,-16753,30.13,-0.01,0,-81724,62662,-4643,5743,-265884,-16753,227617,-1
FMLYDLCTA,OCT2117.1,NS.083336,770533,755308,141480,115196,113982,19127,8023156,7846206,1588430,100,18.36,0.1,0.1,81524,8594,855309,9.22,0,0,88903,78486,11152,9808,935167,855309,892993,0
FMLYDLCTA,OCT2817.1,NS.083336,784234,743776,366874,126127,111408,77428,8416667,7701073,3700615,100,46.78,0.09,0.1,117554,22767,1451508,34.14,0,0,60206,282612,5756,65094,585574,1451508,2743448,0
FMLYDLCTA,NOV0417.1,NS.083336,781235,744141,247359,122061,112258,47523,8308951,7700102,2496905,100,31.66,0.09,0.1,-29900,-2705,-594801,-25.4,0,0,65801,-215526,8010,-14144,652207,-594801,-3190352,0
FMLYDLCTA,NOV1117.1,NS.083336,799962,728043,90543,119359,109356,12400,8344012,7550366,990764,100,11.32,0.1,0.1,93828,9885,842907,-6.73,0,0,70791,-36871,9387,-5505,726472,842907,-539970,0
FMLYDLCTA,OCT2117.1,NS.164106,120488,53393,96139,27668,9342,24309,884139,337105,703025,90,79.79,0.14,0.16,78219,21018,585921,76.04,-0.01,0.01,16962,94554,3392,23981,84160,585921,691796,34
FMLYDLCTA,OCT2817.1,NS.164106,113119,59921,92287,25898,10546,23133,839348,380664,684485,89,81.58,0.13,0.16,72001,19500,547610,74.77,-0.01,0.01,17358,89486,3745,22734,82045,547610,661307,34
FMLYDLCTA,NOV0417.1,NS.164106,74625,50247,56505,15041,8702,12847,506083,320530,370081,75,75.72,0.15,0.16,23746,7172,118747,7.88,0.02,0.01,15531,21987,3178,8253,76878,118747,87692,15
FMLYDLCTA,NOV1117.1,NS.164106,59882,51205,41448,10630,8788,8376,369195,328773,229454,69,69.22,0.16,0.16,16283,3834,52098,48.67,0.02,0.01,12779,32492,2754,7155,58517,52098,156095,12
FMLYDLCTA,OCT2117.1,NS.080678,6969057,6411229,2929785,1259563,1099446,579419,68418922,60231625,33796088,100,42.04,0.1,0.11,316218,105270,5531533,26.36,0,0,106976,1886899,26163,390068,1498950,5531533,23126067,0
FMLYDLCTA,OCT2817.1,NS.080678,6786914,6499588,2992655,1205806,1119798,592048,65597004,60937172,32528475,100,44.09,0.1,0.11,-17704,-30313,-2483246,12.3,0,0,93348,829130,27224,158276,1035502,-2483246,6616586,0
FMLYDLCTA,NOV0417.1,NS.080678,7021809,6379180,3042886,1236921,1087005,598763,68563168,59417766,32944234,100,43.33,0.1,0.11,-1249018,-265004,-16539109,-5.69,0.01,0,152086,-1011892,27664,-117811,1056865,-16539109,-13571670,0
FMLYDLCTA,NOV1117.1,NS.080678,7026480,6554518,2033489,1219419,1118871,371063,65996535,61078014,20732682,100,28.94,0.11,0.11,113290,-954,-436943,2.94,0,0,264976,236181,58317,33016,2347153,-436943,1590300,0
FMLYDLCTA,OCT2117.1,NS.080748,5332008,4945897,2350149,965772,851340,456520,59013003,51811135,30839744,100,44.08,0.09,0.1,268958,82821,5501493,29.34,0,0,175216,1603901,29356,323849,2089384,5501493,21773250,0
FMLYDLCTA,OCT2817.1,NS.080748,5204131,4981373,2444391,927859,864475,479490,56539671,52176392,29539861,100,46.97,0.09,0.1,-37869,-36658,-2418280,14.01,0,0,107562,716589,22368,132415,1373686,-2418280,5616492,0
FMLYDLCTA,NOV0417.1,NS.080748,5377479,4885007,2349221,950874,836593,456034,59298203,50874558,29632928,100,43.69,0.09,0.1,-997405,-218347,-14559063,-9.63,0,0,106644,-1049354,17038,-130958,1071798,-14559063,-13227308,0
FMLYDLCTA,NOV1117.1,NS.080748,5421572,5004335,1704489,945451,861622,307619,56995591,52200532,19273816,100,31.44,0.1,0.1,183486,23398,394130,6.62,0,0,240609,404442,51009,74191,2518204,394130,2549953,0
FMLYDLCTA,OCT2117.1,NS.163589,811815,638269,471222,157510,111327,105237,3486385,2474192,2011949,100,58.05,0.23,0.26,194794,48128,1014553,30.57,-0.02,0.01,86161,301699,20315,68836,283105,1014553,1428934,0
FMLYDLCTA,OCT2817.1,NS.163589,771477,670558,374689,143194,116747,81125,3248431,2626804,1681905,100,48.57,0.24,0.26,140562,25932,682962,-2.44,-0.01,0.01,129334,52858,26990,8830,449241,682962,554507,0
FMLYDLCTA,NOV0417.1,NS.163589,801751,670221,503336,148756,115691,108237,3195229,2581739,1872433,100,62.78,0.25,0.26,420,-3581,-160613,2.27,0.01,0.01,152583,18488,29347,1979,520240,-160613,-72674,0
FMLYDLCTA,NOV1117.1,NS.163589,756659,688306,273586,134118,117310,55954,2920195,2643372,1060483,100,36.16,0.26,0.26,33669,-6798,-160250,-19.05,0.02,0.01,141823,-125558,26396,-36549,455245,-160250,-522963,0
FMLYDLCTA,OCT2117.1,NS.083409,1044440,975864,362371,124416,111067,47908,6006588,5436043,2179377,99,34.7,0.17,0.18,175870,25779,962874,17.56,0,0,142526,213523,19748,26461,704077,962874,1242210,-1
FMLYDLCTA,OCT2817.1,NS.083409,1024799,962281,372782,122757,110559,63366,5715828,5350162,1924336,100,36.38,0.18,0.18,124712,19723,361045,6.57,0.01,0,102035,104523,15456,28726,466543,361045,180030,0
FMLYDLCTA,NOV0417.1,NS.083409,1028901,951539,346473,125832,108381,63091,5691056,5264486,1749342,100,33.67,0.18,0.18,-83391,-879,-962892,-27.47,0.01,0,98385,-333616,13386,-13056,419146,-962892,-2528708,0
FMLYDLCTA,NOV1117.1,NS.083409,1012697,984721,134396,119034,111875,19337,5617280,5465012,738680,100,13.27,0.18,0.18,62695,10122,17723,-9.56,0.01,0,136208,-82533,17069,-8568,656558,17723,-656320,0
FMLYDLCTA,OCT2117.1,NS.083309,128669,136932,128386,21364,22608,21305,946431,979635,944663,88,99.78,0.14,0.14,-30321,-6115,-177173,83.82,-0.01,0,-5436,103010,-1299,16540,-27063,-177173,765091,-5
FMLYDLCTA,OCT2817.1,NS.083309,124012,137990,123787,20408,23055,20362,909329,982395,907833,87,99.82,0.14,0.14,-36150,-7516,-225871,76.69,0,0,-1140,86736,-947,13215,-923,-225871,645551,-7
FMLYDLCTA,NOV0417.1,NS.083309,121814,144840,121605,19916,23676,19876,893236,1030000,891979,85,99.83,0.14,0.14,-124427,-36811,-1232990,18.88,0.02,0,5996,-77735,-57,-30993,52506,-1232990,-875087,-13
FMLYDLCTA,NOV1117.1,NS.083309,125608,139740,11709,20412,23449,1986,917457,995606,87328,88,9.32,0.14,0.14,-57612,-16026,-512300,-48.54,0.01,0,504,-94313,-780,-22576,3560,-512300,-772476,-8
FMLYDLCTA,OCT2117.1,NS.158673,90591,52615,89418,15188,7426,15068,439972,234298,434203,77,98.71,0.21,0.22,90591,15188,439972,98.71,0.21,0.22,52615,89418,7426,15068,234298,439972,434203,77
FMLYDLCTA,OCT2817.1,NS.158673,93407,61288,92797,13938,8504,13828,421874,275517,419124,74,99.35,0.22,0.22,93407,13938,421874,99.35,0.22,0.22,61288,92797,8504,13828,275517,421874,419124,74
FMLYDLCTA,NOV0417.1,NS.158673,79799,57963,78763,11076,8036,10921,351968,256138,347262,67,98.7,0.23,0.23,79799,11076,351968,98.7,0.23,0.23,57963,78763,8036,10921,256138,351968,347262,67
FMLYDLCTA,NOV1117.1,NS.158673,79432,73417,6841,10803,9876,965,348783,322427,31403,68,8.61,0.23,0.23,79432,10803,348783,8.61,0.23,0.23,73417,6841,9876,965,322427,348783,31403,68
FMLYDLCTA,OCT2117.1,NS.122345,637514,625636,78245,68632,66705,11063,2692790,2598524,330125,99,12.27,0.24,0.24,-17139,-3103,52165,7.99,-0.01,-0.01,-992,50201,-158,7249,77614,52165,211395,0
FMLYDLCTA,OCT2817.1,NS.122345,625254,626244,73684,67404,66446,9464,2638440,2620774,310246,99,11.78,0.24,0.24,-90478,-25764,-428069,-27.76,0,-0.01,-31700,-209315,-4837,-45855,-56050,-428069,-949750,-1
FMLYDLCTA,NOV0417.1,NS.122345,644503,631677,75072,69725,65876,10430,2723788,2648419,320059,99,11.65,0.24,0.24,-80456,-13807,-274041,-7.17,-0.01,-0.01,6928,-61346,-2505,-13383,100229,-274041,-266448,-1
FMLYDLCTA,NOV1117.1,NS.122345,719225,654235,260630,85903,68990,47710,3097611,2740985,1134405,100,36.24,0.23,0.24,67177,14032,432886,28.92,-0.01,-0.01,15368,212894,-465,41712,140738,432886,928474,1
FMLYDLCTA,OCT2117.1,NS.081495,815710,696481,419672,188661,160693,64640,7065990,5671565,3923346,100,51.45,0.12,0.12,65479,14697,1273394,38.79,-0.01,-0.01,-20419,324704,-2317,44902,145330,1273394,3195632,0
FMLYDLCTA,OCT2817.1,NS.081495,807829,717323,381432,185196,168847,58588,7018637,5869501,3573989,100,47.22,0.12,0.12,119043,24409,1687614,30.45,-0.01,-0.01,-6962,265960,315,35174,274019,1687614,2710737,0
FMLYDLCTA,NOV0417.1,NS.081495,869066,670065,393276,193990,156068,62924,7601771,5548167,3680069,100,45.25,0.11,0.12,-48846,-15131,-143141,-14.63,0,-0.01,-34585,-156430,-1724,-25281,79592,-143141,-1422566,0
FMLYDLCTA,NOV1117.1,NS.081495,889404,695415,524936,201539,166724,97546,7693165,5746119,4436309,100,59.02,0.12,0.12,131173,27004,1626427,34.54,-0.01,-0.01,-4497,339301,11205,61585,322057,1626427,2845188,0
FMLYDLCTA,OCT2117.1,NS.163594,33682,37156,32921,6698,7335,6545,143242,156746,139570,52,97.74,0.24,0.24,2842,679,15952,97.12,-0.01,0,9541,32729,1754,6506,39248,15952,138719,1
FMLYDLCTA,OCT2817.1,NS.163594,33647,36509,33322,6675,7217,6610,142331,153963,140772,52,99.03,0.24,0.24,3545,778,17306,93.62,0,0,7992,31693,1473,6244,33069,17306,132450,2
FMLYDLCTA,NOV0417.1,NS.163594,38379,39354,38110,7724,7741,7670,165280,164817,163985,56,99.3,0.23,0.24,-22262,-7927,-166993,18.09,0.05,0,12086,-11135,2108,-5336,48239,-166993,-116728,-21
FMLYDLCTA,NOV1117.1,NS.163594,43916,36807,43209,8909,7234,8765,191205,152896,187751,61,98.39,0.23,0.24,-24378,-11550,-240854,31.42,0.07,0.01,8373,-2530,1189,-6622,26970,-240854,-137270,-12
FMLYDLCTA,OCT2117.1,NS.157335,277210,202779,181731,48637,30364,39353,982648,669247,657106,97,65.56,0.28,0.3,53917,12824,241025,29.46,-0.02,0,10507,101138,3069,22306,40991,241025,387662,1
FMLYDLCTA,OCT2817.1,NS.157335,277901,212173,177373,45466,31430,35900,935498,702262,586972,97,63.83,0.3,0.3,41435,4078,117597,1.23,0.01,-0.01,24994,29363,4738,2865,93271,117597,77093,0
FMLYDLCTA,NOV0417.1,NS.157335,284011,216507,177933,48347,32595,38216,986987,717168,619492,96,62.65,0.29,0.3,-14536,-3597,-47744,-0.45,0,-0.01,39980,-10455,7307,-3300,143763,-47744,-33774,-2
FMLYDLCTA,NOV1117.1,NS.157335,255027,214556,78227,40388,31078,15904,866678,713507,272272,96,30.67,0.29,0.3,-6506,-4983,-35739,-31.67,0,-0.01,21147,-84827,3208,-19563,85023,-35739,-290628,-1
FMLYDLCTA,OCT2117.1,NS.166464,273357,245454,153831,45505,37035,33316,870413,741713,478168,97,56.27,0.31,0.33,10770,4798,18581,24.23,0.01,0.02,3369,69677,3314,15680,-29764,18581,206570,0
FMLYDLCTA,OCT2817.1,NS.166464,261690,257383,36444,39762,38862,7093,793382,776882,115814,96,13.93,0.33,0.33,-8823,-5443,-123803,-47.32,0.03,0.02,28557,-129225,6905,-29809,46888,-123803,-433054,-2
FMLYDLCTA,NOV0417.1,NS.166464,327061,257730,205626,53880,37589,43705,1021942,781812,613448,97,62.87,0.32,0.33,-3394,-1892,-101401,-0.57,0.03,0.01,33350,-4026,6439,-2237,69913,-101401,-88132,-1
FMLYDLCTA,NOV1117.1,NS.166464,320070,280294,86194,50702,41545,17578,983066,848665,271473,97,26.93,0.33,0.33,25966,1576,-15755,-33.82,0.03,0.02,48892,-92479,9317,-21697,104227,-15755,-325125,0
FMLYDLCTA,OCT2117.1,NS.085397,0,0,0,0,0,0,0,0,0,0,0,0,0,0,0,0,0,0,0,0,0,0,0,0,0,0,0
FMLYDLCTA,OCT2817.1,NS.085397,0,0,0,0,0,0,0,0,0,0,0,0,0,0,0,0,0,0,0,0,0,0,0,0,0,0,0
FMLYDLCTA,NOV0417.1,NS.085397,0,0,0,0,0,0,0,0,0,0,0,0,0,0,0,0,0,0,0,0,0,0,0,0,0,0,0
FMLYDLCTA,NOV1117.1,NS.085397,0,0,0,0,0,0,0,0,0,0,0,0,0,0,0,0,0,0,0,0,0,0,0,0,0,0,0
DORTLCTA,OCT2117.1,NS.083336,962702,1009354,15082,137171,145257,2109,10474464,10931165,184770,100,1.57,0.09,0.09,85890,8525,1141393,-4.99,0,0,133129,-42423,17421,-6233,1585910,1141393,-502341,0
DORTLCTA,OCT2817.1,NS.083336,980148,1021409,21215,140019,145849,3055,10664431,11023618,257319,100,2.16,0.09,0.09,128242,15113,1606642,-3.52,0,0,123101,-27219,14532,-3669,1461598,1606642,-320677,0
DORTLCTA,NOV0417.1,NS.083336,1093967,1014258,53070,156100,144590,7867,12003799,11026054,661432,100,4.85,0.09,0.09,133426,15363,1749415,-0.14,0,0,117742,5111,13517,852,1514261,1749415,79357,0
DORTLCTA,NOV1117.1,NS.083336,1021948,1039575,34354,145450,148596,4780,11150782,11236784,437043,100,3.36,0.09,0.09,151624,18403,1886665,-0.74,0,0,133741,-1321,17101,-128,1585258,1886665,11797,0
DORTLCTA,OCT2117.1,NS.164106,43659,45127,2616,10197,10823,665,266290,265090,19140,47,5.99,0.16,0.17,-23674,-3853,-162284,-1.73,0.01,0.02,-28548,-2584,-4623,-582,-210190,-162284,-17353,-15
DORTLCTA,OCT2817.1,NS.164106,333755,44290,311151,92330,10737,85524,2677021,260876,2567361,96,93.23,0.12,0.17,271160,79290,2281363,87.97,-0.03,0.01,-19680,307859,-2499,84707,-140595,2281363,2543506,37
DORTLCTA,NOV0417.1,NS.164106,29266,47982,2289,7154,11438,633,176563,278339,16002,34,7.82,0.17,0.17,-39231,-7180,-256135,2.99,0.01,0.01,-15288,-1019,-1629,-176,-118307,-256135,-7230,-29
DORTLCTA,NOV1117.1,NS.164106,31565,48919,1421,7301,11909,364,189986,279857,10403,36,4.5,0.17,0.17,-26484,-4798,-174811,1.58,0.01,0.01,-15699,-273,-1556,-57,-122936,-174811,-1620,-22
DORTLCTA,OCT2117.1,NS.080678,11190376,9624895,5203924,1992024,1615897,1024260,105753264,85221454,60489725,100,46.5,0.11,0.11,1347402,220017,6014306,-2.52,0.01,0,685098,378979,94291,131879,2456452,6014306,1266932,0
DORTLCTA,OCT2817.1,NS.080678,11359255,9825360,5062489,2083009,1636313,1117041,103029099,86749112,46374115,100,44.57,0.11,0.11,1393459,283184,6993571,1.35,0.01,0,736480,755551,94871,249890,2934288,6993571,-1458836,0
DORTLCTA,NOV0417.1,NS.080678,12720974,9706861,6767388,2374554,1621330,1342590,130750399,85313004,70184493,100,53.2,0.1,0.11,58724,-171109,-20385918,2.19,0.01,0,793463,308858,109964,-124976,3922873,-20385918,-21026101,0
DORTLCTA,NOV1117.1,NS.080678,11598602,10029733,5173917,2162145,1682175,1181865,109359636,88326318,56320710,100,44.61,0.11,0.11,505522,49065,6135398,3.76,0,0,954501,643115,151117,156852,5450880,6135398,9258393,0
DORTLCTA,OCT2117.1,NS.080748,8219202,7208350,3975303,1509086,1268750,750810,92078065,73803557,55400028,100,48.37,0.09,0.1,905252,121020,5042358,-7.18,0.01,0,616465,-87120,73928,16624,2902840,5042358,-288279,0
DORTLCTA,OCT2817.1,NS.080748,8207392,7363550,3610455,1536365,1287912,771743,87145533,75053499,39244886,100,43.99,0.09,0.1,824403,140807,3866451,-3.98,0.01,0,654354,68806,78225,78662,3192835,3866451,-5634515,0
DORTLCTA,NOV0417.1,NS.080748,9447437,7260585,4942036,1856246,1273325,1008335,115620775,73729698,62206426,100,52.31,0.08,0.1,-129513,-214614,-20447124,-1.55,0.01,0,646527,-216632,82537,-208788,3841615,-20447124,-23976030,0
DORTLCTA,NOV1117.1,NS.080748,8541769,7508386,3945307,1672232,1323491,906098,95287473,76355524,51465408,100,46.19,0.09,0.1,498013,57012,6461795,3.37,0,0,760721,501138,116562,133832,5256615,6461795,8411622,0
DORTLCTA,OCT2117.1,NS.163589,2125686,1562414,1072684,357863,219134,246917,7621980,5382030,3788430,100,50.46,0.28,0.29,516351,107036,1751648,12.07,0,0.01,156186,454794,26296,111042,347835,1751648,1615032,0
DORTLCTA,OCT2817.1,NS.163589,2307532,1576957,1414969,423199,217852,339202,9916223,5461388,6863623,100,61.32,0.23,0.29,625696,148982,3769970,18.8,-0.04,0.01,132573,699776,19088,175562,329559,3769970,4316212,0
DORTLCTA,NOV0417.1,NS.163589,2325169,1581069,1423783,382494,221492,286996,8397904,5475799,5113032,100,61.23,0.28,0.29,275718,57623,972746,5.02,0,0.01,183098,271777,29759,67611,536475,972746,1139240,0
DORTLCTA,NOV1117.1,NS.163589,2189599,1614946,1115582,359604,224903,249354,7866277,5618430,3974539,100,50.95,0.28,0.29,45601,-7682,95837,1.5,0,0.01,232373,55474,34968,3551,715149,95837,204066,0
DORTLCTA,OCT2117.1,NS.083409,2223467,1698383,1379223,333249,248092,195210,12991580,9771812,8190344,100,62.03,0.17,0.17,834171,143863,4725495,-1.58,0,0,431445,495454,85358,82547,2328192,4725495,2859126,0
DORTLCTA,OCT2817.1,NS.083409,1921007,1769986,875068,301462,255602,178267,11122396,10140078,4840058,100,45.55,0.17,0.17,500856,91314,2495826,-1.8,0.01,0,475418,202585,84991,57216,2534958,2495826,729031,0
DORTLCTA,NOV0417.1,NS.083409,2272865,1739865,1865289,378204,253995,332111,13499616,9956468,11048136,100,82.07,0.17,0.17,263300,34183,1107862,8.91,0.01,0,401530,395173,70702,67659,2110196,1107862,1874522,0
DORTLCTA,NOV1117.1,NS.083409,2260735,1834579,1252382,432969,272430,319803,13672644,10489974,7631711,100,55.4,0.17,0.17,177662,36860,360669,1.59,0.01,0,432990,131622,80427,48871,2282032,360669,72891,0
DORTLCTA,OCT2117.1,NS.083309,274544,265734,7549,43194,42190,1549,2060720,1982563,57851,91,2.75,0.13,0.13,-21567,-4465,-75017,-10.3,-0.01,0,-25395,-31079,-4209,-5414,-126565,-75017,-227190,-3
DORTLCTA,OCT2817.1,NS.083309,398103,276510,243012,91728,43450,72113,3727920,2069965,2489057,97,61.04,0.11,0.13,108340,45748,1632786,50.3,-0.03,-0.01,-13422,211870,-2939,66447,-5540,1632786,2262417,3
DORTLCTA,NOV0417.1,NS.083309,297911,271408,21917,47112,42705,3849,2248419,2028927,181433,93,7.36,0.13,0.13,-20113,-3531,-56033,-5.37,-0.01,0,-23878,-18553,-3499,-3545,-104116,-56033,-121362,-2
DORTLCTA,NOV1117.1,NS.083309,282725,285982,5732,44477,44752,1177,2114599,2140525,42418,92,2.03,0.13,0.13,-7083,-1829,17786,-7.26,0,-0.01,15180,-21197,2210,-4154,193419,17786,-156038,-2
DORTLCTA,OCT2117.1,NS.158673,0,0,0,0,0,0,0,0,0,0,0,0,0,0,0,0,0,0,0,0,0,0,0,0,0,0,0
DORTLCTA,OCT2817.1,NS.158673,0,0,0,0,0,0,0,0,0,0,0,0,0,0,0,0,0,0,0,0,0,0,0,0,0,0,0
DORTLCTA,NOV0417.1,NS.158673,0,0,0,0,0,0,0,0,0,0,0,0,0,0,0,0,0,0,0,0,0,0,0,0,0,0,0
DORTLCTA,NOV1117.1,NS.158673,0,0,0,0,0,0,0,0,0,0,0,0,0,0,0,0,0,0,0,0,0,0,0,0,0,0,0
DORTLCTA,OCT2117.1,NS.122345,1136370,1147489,86148,126194,128205,9778,4884262,5009605,388543,99,7.58,0.23,0.23,23674,-1703,-46333,-39.3,0.01,0,101495,-435459,8056,-46367,414657,-46333,-1997384,-1
DORTLCTA,OCT2817.1,NS.122345,1439403,1139628,621032,194021,128366,121717,6500704,4892432,2891412,100,43.15,0.22,0.23,163956,19225,595448,3.73,0.01,0.01,66212,118270,4582,22994,167386,595448,491642,0
DORTLCTA,NOV0417.1,NS.122345,1421144,1148069,899478,168936,128072,105097,6618302,4960734,4338020,100,63.29,0.21,0.23,156593,7024,815822,28.6,0,0,88099,460718,5416,23369,288343,815822,2264157,0
DORTLCTA,NOV1117.1,NS.122345,1239022,1159953,403979,140237,129199,44057,5347343,4978714,1925307,100,32.6,0.23,0.23,148638,14362,538861,23.86,0,0.01,62034,308682,3226,28963,127789,538861,1508283,0
DORTLCTA,OCT2117.1,NS.081495,974106,807623,457709,190841,154962,77372,8546390,6780073,4266114,100,46.99,0.11,0.12,37108,-3945,128265,-28.74,0,0,19945,-251868,-9334,-35950,424146,128265,-2817214,0
DORTLCTA,OCT2817.1,NS.081495,940861,845166,590276,184599,161696,115648,8263106,7066781,4935353,100,62.74,0.11,0.12,32059,-2594,14389,-20.46,0,0,41299,-165831,-4058,-14053,543569,14389,-2277547,0
DORTLCTA,NOV0417.1,NS.081495,1064097,833218,492421,205055,160172,83761,9478401,7001081,4667917,100,46.28,0.11,0.12,27883,-9945,74459,-37.1,0,0,46324,-371568,-3253,-67988,634934,74459,-3543401,0
DORTLCTA,NOV1117.1,NS.081495,984035,852870,493183,190702,163997,87556,8708950,7138481,4610299,100,50.12,0.11,0.12,6567,-18847,-25726,-21.12,0,0,55403,-203103,129,-33397,655485,-25726,-2313130,0
DORTLCTA,OCT2117.1,NS.163594,130865,132121,12280,25051,25215,3412,623936,624431,53842,77,9.38,0.21,0.21,26459,1159,209664,2.56,-0.04,-0.04,28475,5156,1358,1682,213708,209664,22783,-2
DORTLCTA,OCT2817.1,NS.163594,212928,143543,211678,57468,26144,57079,1215121,690812,1207826,89,99.41,0.18,0.21,112866,34636,818896,96.45,-0.08,-0.05,30206,208718,175,56266,243976,818896,1195384,11
DORTLCTA,NOV0417.1,NS.163594,140798,135057,11670,26415,25453,3136,683434,641169,49627,78,8.29,0.21,0.21,29058,900,240546,3.35,-0.05,-0.04,31604,6156,1726,1739,236186,240546,25721,-2
DORTLCTA,NOV1117.1,NS.163594,129395,152519,10257,24223,28131,2381,623134,732205,52039,76,7.93,0.21,0.21,25199,466,211211,4.56,-0.05,-0.05,47325,6744,4270,1485,317581,211211,37015,-2
DORTLCTA,OCT2117.1,NS.157335,975694,597253,626712,179375,87616,144739,3533588,1986042,2307602,99,64.23,0.28,0.3,360565,79605,1390894,13.73,-0.01,0,87986,316043,18256,75440,288279,1390894,1230572,0
DORTLCTA,OCT2817.1,NS.157335,759836,593800,443953,126166,86672,94961,2722383,1980431,1615652,99,58.43,0.28,0.3,79877,7669,324434,1.77,0,0,64993,58705,14087,5773,219778,324434,249669,0
DORTLCTA,NOV0417.1,NS.157335,1009221,595347,868248,182058,88400,168076,3706965,1995105,3208610,99,86.03,0.27,0.3,133005,34392,643285,30.97,-0.01,0,73613,385786,17627,60392,259854,643285,1523667,0
DORTLCTA,NOV1117.1,NS.157335,919194,589309,579482,165524,87647,131858,3339770,1982189,2142587,99,63.04,0.28,0.3,-61107,-16259,-138028,0.23,-0.01,0,91061,-36239,19094,-13317,323297,-138028,-57676,0
DORTLCTA,OCT2117.1,NS.166464,975341,787706,431075,143194,95386,98102,3197347,2504829,1407846,99,44.2,0.31,0.31,163814,32930,364735,7.94,0.02,0.02,76385,136874,13440,34693,95922,364735,382452,0
DORTLCTA,OCT2817.1,NS.166464,1000893,795147,448186,147184,94223,101638,3300969,2528163,1472783,100,44.78,0.3,0.31,171896,29971,392914,5.74,0.02,0.02,67497,124527,10029,28821,56224,392914,327923,1
DORTLCTA,NOV0417.1,NS.166464,1145781,802497,541576,166821,96111,115151,3830277,2559958,1838793,100,47.27,0.3,0.31,165621,32767,404735,-20.09,0.01,0.02,104263,-118678,14855,5787,210281,404735,-400384,1
DORTLCTA,NOV1117.1,NS.166464,1109332,823974,524422,162501,97090,114751,3712639,2622726,1769510,100,47.27,0.3,0.31,119599,15910,253948,3,0.01,0.02,121526,86243,16161,15706,252514,253948,231852,0
DORTLCTA,OCT2117.1,NS.085397,0,0,0,0,0,0,0,0,0,0,0,0,0,0,0,0,0,0,0,0,0,0,0,0,0,0,0
DORTLCTA,OCT2817.1,NS.085397,0,0,0,0,0,0,0,0,0,0,0,0,0,0,0,0,0,0,0,0,0,0,0,0,0,0,0
DORTLCTA,NOV0417.1,NS.085397,0,0,0,0,0,0,0,0,0,0,0,0,0,0,0,0,0,0,0,0,0,0,0,0,0,0,0
DORTLCTA,NOV1117.1,NS.085397,0,0,0,0,0,0,0,0,0,0,0,0,0,0,0,0,0,0,0,0,0,0,0,0,0,0,0
TRGTLC.TA,OCT2117.1,NS.083336,767480,841065,105125,91140,98375,15334,9192910,10110645,1184787,100,13.7,0.08,0.08,-35375,365,-529990,-10.57,0,0,139219,-89719,19575,-5599,1677343,-529990,-1147572,0
TRGTLC.TA,OCT2817.1,NS.083336,990619,809896,142296,120377,94891,21868,12120618,9700390,1662817,100,14.36,0.08,0.08,178108,28789,2266013,-6.8,0,0,112712,-29650,16418,3947,1358322,2266013,-402159,0
TRGTLC.TA,NOV0417.1,NS.083336,838959,830049,158524,102613,97639,24510,10149821,9944600,1915431,100,18.9,0.08,0.08,64836,19443,1060216,-2.95,0,0,128613,-10569,18271,7722,1477937,1060216,-60692,0
TRGTLC.TA,NOV1117.1,NS.083336,798771,855388,349934,98688,100928,47032,9990921,10231602,4458858,100,43.81,0.08,0.08,80794,21165,1555808,25.8,-0.01,0,152582,220608,22719,34219,1958539,1555808,2957884,0
TRGTLC.TA,OCT2117.1,NS.164106,50087,60782,16928,7100,8164,2704,265836,319930,90279,86,33.8,0.19,0.19,-18506,-1130,-299927,-1.61,0.07,0.06,11992,-7360,2159,33,-58849,-299927,-125527,-10
TRGTLC.TA,OCT2817.1,NS.164106,78335,55787,34089,12107,7810,6230,439194,296049,200307,89,43.52,0.18,0.19,11839,4221,-108118,7.36,0.06,0.06,6623,10047,1702,3662,-88495,-108118,-12401,-7
TRGTLC.TA,NOV0417.1,NS.164106,65161,58285,33088,10362,8051,6089,368904,308287,197357,88,50.78,0.18,0.19,-46855,-2928,-754599,-3.42,0.08,0.06,9527,-27626,1969,-873,-79356,-754599,-470090,-8
TRGTLC.TA,NOV1117.1,NS.164106,60755,59535,35950,9651,8281,6283,349854,315627,215754,88,59.17,0.17,0.19,-27812,-969,-521730,9.18,0.07,0.06,11434,-8326,2390,1211,-63660,-521730,-271946,-6
TRGTLC.TA,OCT2117.1,NS.080678,12015783,10491419,5819193,1121488,945947,558144,71212686,61212240,32871331,100,48.43,0.17,0.17,1091867,142181,2709146,6.49,0.01,0.01,1093405,1237432,106521,157977,4730941,2709146,3648389,0
TRGTLC.TA,OCT2817.1,NS.080678,11435902,10616544,4738027,1057558,955673,441295,67382993,61450865,23632838,100,41.43,0.17,0.17,-169393,-48102,-4225089,-2.02,0.01,0,1106043,-305106,115663,-100027,5144912,-4225089,-7381433,0
TRGTLC.TA,NOV0417.1,NS.080678,12763253,10679925,5393150,1164373,957208,505672,72978046,61605683,28878943,100,42.26,0.17,0.17,-1810255,-167988,-8219200,-14.91,0,0.01,1287262,-2938152,128404,-290193,5589797,-8219200,-14358531,0
TRGTLC.TA,NOV1117.1,NS.080678,11362559,10798988,6639998,1058001,970109,622566,70433026,62240141,42342648,100,58.44,0.16,0.17,-755367,-59845,-1563234,4.63,-0.01,0,1252882,119060,130802,-1893,5598457,-1563234,3342570,0
TRGTLC.TA,OCT2117.1,NS.080748,9154115,7916051,4211407,866772,726966,406299,59389587,50840723,26520259,100,46.01,0.15,0.16,932155,105603,3058306,3.44,0.01,0,775299,711504,70442,92322,4114231,3058306,2746534,0
TRGTLC.TA,OCT2817.1,NS.080748,8655167,8006119,3318360,796587,732595,297280,55945621,50927283,18340239,100,38.34,0.15,0.16,-22662,-40615,-2517192,-2.91,0.01,0,788448,-261597,79132,-86228,4441766,-2517192,-6260579,0
TRGTLC.TA,NOV0417.1,NS.080748,9394531,8064364,3387229,858523,732860,312491,59435472,51098092,21182462,100,36.06,0.16,0.16,425423,30126,2032509,-14.65,0,0,880841,-1160557,83418,-123447,4626558,2032509,-6265442,0
TRGTLC.TA,NOV1117.1,NS.080748,8544196,8181795,5011644,814652,744599,486161,58153357,51660856,35100884,100,58.66,0.15,0.16,-334239,-21531,383886,0.64,-0.01,0,901745,-139561,88213,-10054,4809006,383886,2770647,0
TRGTLC.TA,OCT2117.1,NS.163589,2429415,2192296,1484817,225086,194233,141747,9133920,8015551,5629367,100,61.12,0.27,0.27,259196,42033,459568,20.43,0.02,0.01,449438,601886,44846,69153,1408566,459568,1767387,0
TRGTLC.TA,OCT2817.1,NS.163589,2360880,2206918,1302047,232021,197159,134246,8816831,8058845,4597554,100,55.15,0.27,0.27,-21817,2793,-748357,-0.66,0.02,0.01,401002,-27764,42302,-9552,1223172,-748357,-656256,0
TRGTLC.TA,NOV0417.1,NS.163589,2919682,2227550,1878412,275016,199277,182698,10751187,8121299,6949237,100,64.34,0.27,0.27,-2105250,-188759,-9422972,-7.07,0.02,0.01,503596,-1709568,51553,-161348,1562760,-9422972,-7683690,0
TRGTLC.TA,NOV1117.1,NS.163589,2337768,2215322,1323802,211081,199539,116868,9133538,8115807,5355819,100,56.63,0.26,0.27,-342562,-31601,-1583111,18.31,0.01,0.01,446045,296654,48994,15266,1370879,-1583111,962456,0
TRGTLC.TA,OCT2117.1,NS.083409,1152540,901070,508306,102737,78821,44934,7009121,5223871,3231120,100,44.1,0.16,0.17,199114,21719,1117928,-4.51,0,0.01,77832,44848,8854,6849,279142,1117928,248631,0
TRGTLC.TA,OCT2817.1,NS.083409,955290,912584,346479,84995,79599,30441,5758899,5294194,2201119,100,36.27,0.17,0.17,422,-6607,-436101,-23.78,0.01,0.01,91140,-226884,9698,-33468,356985,-436101,-1730535,0
TRGTLC.TA,NOV0417.1,NS.083409,1047533,923189,431046,92347,80320,37223,6302185,5363192,2697702,100,41.15,0.17,0.17,102264,11269,493015,-11.93,0,0.01,113658,-70655,11501,-7255,505447,493015,-460959,0
TRGTLC.TA,NOV1117.1,NS.083409,917545,917173,519962,84701,80320,53632,5766733,5321829,3449420,100,56.67,0.16,0.17,-511,5211,203888,-43.33,-0.01,0.01,103056,-398068,11143,-25854,453111,203888,-2113233,0
TRGTLC.TA,OCT2117.1,NS.083309,670425,505895,550167,90360,59996,73251,6313974,4521898,5130726,100,82.06,0.11,0.11,-68136,5364,-277581,21.87,-0.01,0,-9113,105578,-821,27865,80587,-277581,1076385,0
TRGTLC.TA,OCT2817.1,NS.083309,567257,504193,18554,66485,59976,2331,5067753,4465312,168735,100,3.27,0.11,0.11,35354,3700,487253,0.47,0,0,-21696,3653,-2304,622,-56852,487253,40524,0
TRGTLC.TA,NOV0417.1,NS.083309,711971,510963,396620,82460,60790,41951,6448528,4512536,3645976,100,55.71,0.11,0.11,179415,19272,1856313,51.7,-0.01,0,-12761,375300,-597,39756,22095,1856313,3458719,0
TRGTLC.TA,NOV1117.1,NS.083309,589173,528002,199910,73882,62134,26665,5237355,4684898,1871844,100,33.93,0.11,0.11,-105587,-17824,-972686,-20.78,0,0,-3422,-180213,-521,-28192,102513,-972686,-1446022,0
TRGTLC.TA,OCT2117.1,NS.158673,467877,232437,435423,46197,18624,44372,2983359,1215987,2846129,99,93.06,0.16,0.19,431846,43146,2794585,89.95,-0.03,0,196381,434302,15546,44257,1031490,2794585,2838624,78
TRGTLC.TA,OCT2817.1,NS.158673,229743,255846,77486,17988,20543,5106,1203082,1340266,377182,99,33.73,0.19,0.19,179715,13709,945599,31.56,0,0,221949,76401,17650,5018,1165291,945599,371996,81
TRGTLC.TA,NOV0417.1,NS.158673,374440,235421,73151,30544,18818,4989,1999793,1229188,361308,99,19.54,0.19,0.19,329487,26694,1770079,18.21,-0.01,-0.01,201088,72554,15904,4927,1054729,1770079,358208,83
TRGTLC.TA,NOV1117.1,NS.158673,270347,265506,270275,24408,21350,24401,1600011,1392197,1599588,99,99.97,0.17,0.19,233825,21277,1414223,96.71,-0.03,-0.01,232347,269084,18518,24273,1223753,1414223,1592864,83
TRGTLC.TA,OCT2117.1,NS.122345,3900749,3455570,1738540,313367,274150,147414,18572836,16327224,8944970,100,44.57,0.21,0.21,599926,60436,2908389,2.13,0,0.01,480853,337537,31467,39143,1861672,2908389,2043846,0
TRGTLC.TA,OCT2817.1,NS.122345,3773417,3523503,2492627,302294,279088,211184,17981272,16605419,12065406,100,66.06,0.21,0.21,22881,-4337,50360,23.76,0,0,483135,906151,41691,65867,2503727,50360,4176958,0
TRGTLC.TA,NOV0417.1,NS.122345,4245273,3497107,1938548,340841,277486,164239,20331963,16482206,10011546,100,45.66,0.21,0.21,-18343,-228,49749,-21.3,0,0,454862,-916547,41377,-76887,2345721,49749,-3953620,0
TRGTLC.TA,NOV1117.1,NS.122345,3603804,3533392,1981480,277969,281707,145664,17830516,16604817,10292926,100,54.98,0.2,0.21,-529346,-58208,-2096241,-7.38,-0.01,0,455833,-595929,43290,-76892,2250200,-2096241,-2751319,0
TRGTLC.TA,OCT2117.1,NS.081495,161688,158019,46928,20872,20171,6574,1441968,1388923,423271,97,29.02,0.11,0.11,-95166,-16496,-1243059,-59.14,0.02,-0.01,-49840,-179536,-4456,-25304,-301550,-1243059,-2032408,-3
TRGTLC.TA,OCT2817.1,NS.081495,160165,159652,46564,20811,20394,6573,1428275,1403959,422056,97,29.07,0.11,0.11,-397759,-61930,-4701094,-67.5,0.02,-0.01,-49472,-492258,-4761,-72986,-303692,-4701094,-5544009,-3
TRGTLC.TA,NOV0417.1,NS.081495,170238,160034,50026,22105,20393,7054,1519522,1411730,453415,97,29.39,0.11,0.11,-56939,-11078,-697845,-62.53,0.01,-0.01,-49046,-158795,-4639,-22766,-312058,-697845,-1626089,-2
TRGTLC.TA,NOV1117.1,NS.081495,167620,154153,67321,22466,19719,9688,1561449,1353640,656536,97,40.16,0.11,0.11,-114859,-14164,-1089353,-50.41,0,-0.01,-54547,-188521,-5369,-22117,-361912,-1089353,-1793817,-2
TRGTLC.TA,OCT2117.1,NS.163594,159613,136719,112635,21554,16175,14982,1051855,834895,780583,99,70.57,0.15,0.16,-82529,-3768,-374037,26.11,-0.02,-0.01,-5733,4977,1162,3966,28408,-374037,52387,0
TRGTLC.TA,OCT2817.1,NS.163594,163477,137386,13765,18777,16158,1688,1006602,842396,94258,99,8.42,0.16,0.16,-2761,87,15471,-2.72,-0.01,-0.02,-20282,-4759,-380,-887,-40795,15471,-37327,0
TRGTLC.TA,NOV0417.1,NS.163594,180522,132863,157476,20775,15749,17885,1118895,813775,988855,99,87.23,0.16,0.16,23550,3651,205941,80.25,-0.01,-0.01,-12953,146508,287,16399,-5507,205941,914800,0
TRGTLC.TA,NOV1117.1,NS.163594,149303,145725,58028,18802,17119,7573,929503,890261,379031,99,38.87,0.16,0.16,-40033,-4927,-236183,-19.53,0,-0.01,-9724,-52544,729,-8300,7101,-236183,-345398,0
TRGTLC.TA,OCT2117.1,NS.157335,523569,330488,371498,48233,29773,34532,1898949,1172380,1348041,100,70.95,0.28,0.28,165663,18195,663923,40.86,-0.01,-0.01,45586,263779,4637,26961,204357,663923,931870,0
TRGTLC.TA,OCT2817.1,NS.157335,364514,336427,228884,34036,30063,21761,1334898,1191528,843094,100,62.79,0.27,0.28,-76883,-9236,-269204,1.03,0,-0.01,28935,-43715,3432,-7957,155749,-269204,-178753,0
TRGTLC.TA,NOV0417.1,NS.157335,476692,335477,334931,43205,29932,29979,1710499,1187416,1200876,100,70.26,0.28,0.28,-249073,-20155,-837785,3.41,-0.01,-0.02,56520,-150246,5674,-13460,255506,-837785,-540199,0
TRGTLC.TA,NOV1117.1,NS.157335,318112,333789,168856,29552,29813,15468,1212317,1181563,679123,100,53.08,0.26,0.28,-101515,-7120,-217665,-46.9,-0.03,-0.02,42531,-250675,4539,-21194,212510,-217665,-750517,0
TRGTLC.TA,OCT2117.1,NS.166464,1572727,1578064,891042,133989,130742,79942,5350760,5323886,3009680,100,56.66,0.29,0.3,116298,20601,136736,15.26,0.01,0.01,344627,288211,31120,34231,1006454,136736,725211,0
TRGTLC.TA,OCT2817.1,NS.166464,1660711,1591407,1005841,156222,133512,101940,5615246,5357068,3358476,100,60.57,0.3,0.3,11378,4758,-491185,1.73,0.03,0.01,335497,35407,31858,-690,975026,-491185,-280979,0
TRGTLC.TA,NOV0417.1,NS.166464,2092803,1616845,1339193,188874,136087,126937,7107670,5446183,4503018,100,63.99,0.29,0.3,-1878463,-173037,-8175579,-11.43,0.03,0.01,406313,-1655763,38474,-159133,1191881,-8175579,-7427716,0
TRGTLC.TA,NOV1117.1,NS.166464,1717716,1587053,994843,141512,134292,79893,6204288,5346169,3788365,100,57.92,0.28,0.3,-214710,-23310,-776301,36.41,0,0.01,354674,579197,35827,41527,1006799,-776301,2255699,0
TRGTLC.TA,OCT2117.1,NS.085397,59858,30590,59545,6070,2388,6037,262870,100039,261457,86,99.48,0.23,0.31,55321,5637,247190,94.76,-0.06,0.01,25663,59331,1922,6018,83318,247190,260702,73
TRGTLC.TA,OCT2817.1,NS.085397,27354,30577,5135,2425,2435,528,101074,99432,28675,69,18.77,0.27,0.31,20708,1825,78626,18.77,-0.03,0.01,26399,5135,2037,528,85192,78626,28675,56
TRGTLC.TA,NOV0417.1,NS.085397,36983,25620,2826,3170,2060,261,121973,85153,11224,71,7.64,0.3,0.3,30380,2559,99525,7.64,0.01,0.01,21567,2826,1684,261,71234,99525,11224,58
TRGTLC.TA,NOV1117.1,NS.085397,22285,31444,21933,2141,2577,2106,81797,103365,80040,65,98.42,0.27,0.3,17344,1684,65169,96.07,-0.02,0.01,26454,21817,2112,2096,86678,65169,79633,53
